City_ID,City,Country,Lat,Lng,Max Temp,Humidity,Cloudiness,Wind Speed,Current Description
0,Marovoay,MG,-16.1,46.6333,69.94,65,22,3.44,few clouds
1,Hermanus,ZA,-34.4187,19.2345,54.9,76,1,6.6,clear sky
2,Cape Town,ZA,-33.9258,18.4232,55.11,99,0,4.61,mist
3,Chapais,CA,49.7834,-74.8492,71.38,42,81,8.05,broken clouds
4,Talgar,KZ,43.3027,77.2395,62.76,77,90,4.47,overcast clouds
5,Vardo,NO,70.3705,31.1107,52.0,77,87,11.97,overcast clouds
6,Alofi,NU,-19.0595,-169.9187,78.69,83,18,17.27,few clouds
7,Kindu,CD,-2.95,25.95,79.63,43,93,2.3,overcast clouds
8,Suntar,RU,62.1444,117.6319,64.31,67,22,4.88,few clouds
9,Mataura,NZ,-46.1927,168.8643,44.47,98,94,2.64,light rain
10,Plettenberg Bay,ZA,-34.0527,23.3716,55.65,36,0,5.14,clear sky
11,Tiksi,RU,71.6872,128.8694,38.28,82,100,11.27,overcast clouds
12,Zhangye,CN,38.9342,100.4517,74.68,39,0,4.68,clear sky
13,Bluff,NZ,-46.6,168.3333,44.8,92,99,5.17,overcast clouds
14,Georgetown,MY,5.4112,100.3354,80.89,75,20,3.0,few clouds
15,Jamestown,US,42.097,-79.2353,72.3,97,90,1.99,moderate rain
16,Benjamin Hill,MX,30.1667,-111.1,89.28,45,75,9.13,broken clouds
17,Beringovskiy,RU,63.05,179.3167,47.28,92,100,7.4,light rain
18,Kondopoga,RU,62.2057,34.2614,62.28,55,0,5.28,clear sky
19,Butaritari,KI,3.0707,172.7902,83.97,77,71,18.72,light rain
20,Los Banos,PH,14.1667,121.1833,79.57,90,98,1.21,overcast clouds
21,Albany,US,42.6001,-73.9662,84.45,60,78,8.95,broken clouds
22,Vostok,RU,46.4856,135.8833,73.72,76,5,4.65,clear sky
23,Ushuaia,AR,-54.8,-68.3,31.66,86,20,3.44,few clouds
24,Tasiilaq,GL,65.6145,-37.6368,42.15,66,0,7.61,clear sky
25,Port Alfred,ZA,-33.5906,26.891,59.88,26,0,9.4,clear sky
26,Hami,CN,42.8,93.45,85.64,19,0,4.94,clear sky
27,San Policarpo,PH,12.1791,125.5072,77.99,88,100,5.3,overcast clouds
28,Kapaa,US,22.0752,-159.319,84.18,78,89,3.0,overcast clouds
29,Busselton,AU,-33.65,115.3333,47.05,78,100,2.06,overcast clouds
30,Nioki,CD,-2.7167,17.6833,77.04,42,43,2.95,scattered clouds
31,Kidal,ML,18.4411,1.4078,94.93,11,2,7.14,clear sky
32,Abonnema,NG,4.7084,6.7931,73.09,93,100,2.51,overcast clouds
33,Araouane,ML,18.9048,-3.5265,97.12,21,31,3.42,scattered clouds
34,Portland,US,45.5234,-122.6762,80.38,51,65,1.99,broken clouds
35,Buta,CD,2.7858,24.73,70.14,99,95,2.64,overcast clouds
36,Saskylakh,RU,71.9167,114.0833,41.41,77,100,9.1,overcast clouds
37,Natagaima,CO,3.6206,-75.0941,92.48,40,9,5.7,clear sky
38,Kragero,NO,58.8693,9.4149,67.19,80,0,4.21,clear sky
39,Kommunar,RU,59.6206,30.39,76.53,71,38,4.09,scattered clouds
40,Laharpur,IN,27.7167,80.9,87.39,66,97,7.11,overcast clouds
41,Punta Arenas,CL,-53.15,-70.9167,35.71,93,75,8.05,mist
42,Alihe,CN,50.5667,123.7167,68.11,77,100,2.13,overcast clouds
43,Rikitea,PF,-23.1203,-134.9692,73.13,65,7,8.25,clear sky
44,Coahuayana,MX,18.7333,-103.6833,89.55,56,94,5.17,overcast clouds
45,Katsuura,JP,35.1333,140.3,82.11,85,14,4.25,few clouds
46,Parry Sound,CA,45.3501,-80.033,78.87,65,100,5.82,overcast clouds
47,Avarua,CK,-21.2078,-159.775,78.85,73,20,16.11,light rain
48,Castro,BR,-24.7911,-50.0119,56.57,98,100,0.81,light rain
49,Lagoa,PT,39.05,-27.9833,66.56,75,46,15.66,scattered clouds
50,Anadyr,RU,64.75,177.4833,52.3,93,75,13.0,light rain
51,Lompoc,US,34.6391,-120.4579,89.02,71,6,8.01,clear sky
52,Upernavik,GL,72.7868,-56.1549,42.66,82,100,24.27,light rain
53,Pakxan,LA,18.3778,103.6601,75.31,95,30,0.49,light rain
54,Dongsheng,CN,39.8161,109.9776,67.93,78,98,8.9,moderate rain
55,Talnakh,RU,69.4865,88.3972,47.64,73,100,2.17,light rain
56,Cabo San Lucas,MX,22.8909,-109.9124,97.52,63,76,4.56,broken clouds
57,Hasaki,JP,35.7333,140.8333,75.6,83,7,3.24,clear sky
58,Luderitz,NA,-26.6481,15.1594,60.49,37,0,8.68,clear sky
59,New Norfolk,AU,-42.7826,147.0587,42.66,92,22,3.06,few clouds
60,Hobart,AU,-42.8794,147.3294,43.02,95,75,1.01,broken clouds
61,Bahia Blanca,AR,-38.7196,-62.2724,53.53,29,99,15.5,overcast clouds
62,Grindavik,IS,63.8424,-22.4338,50.56,87,90,12.66,overcast clouds
63,Atar,MR,20.5169,-13.0499,91.56,31,5,7.11,clear sky
64,Pevek,RU,69.7008,170.3133,38.35,88,40,10.31,scattered clouds
65,Kodiak,US,57.79,-152.4072,63.55,67,62,2.42,broken clouds
66,Chuy,UY,-33.6971,-53.4616,48.16,80,0,5.39,clear sky
67,Mandsaur,IN,24.0667,75.0667,84.56,69,85,8.75,overcast clouds
68,Tiarei,PF,-17.5333,-149.3333,86.02,69,64,20.76,broken clouds
69,Kavieng,PG,-2.5744,150.7967,83.52,77,92,14.32,light rain
70,Bethel,US,41.3712,-73.414,90.68,77,38,2.89,scattered clouds
71,Tromso,NO,69.6496,18.957,54.25,76,90,5.99,overcast clouds
72,Bubaque,GW,11.2833,-15.8333,80.8,82,98,12.41,overcast clouds
73,Yellowknife,CA,62.456,-114.3525,54.32,39,22,1.01,few clouds
74,Dovbysh,UA,50.3733,27.9874,68.13,82,83,4.65,broken clouds
75,Maloy,NO,61.9353,5.1136,64.87,83,55,25.66,broken clouds
76,Chumphon,TH,10.3333,98.8333,71.04,98,74,1.48,broken clouds
77,Severo-Kurilsk,RU,50.6789,156.125,59.2,67,89,2.98,overcast clouds
78,Auki,SB,-8.7676,160.7034,82.56,76,45,6.73,scattered clouds
79,Gizo,SB,-8.103,156.8419,82.96,80,92,10.51,light rain
80,Mitsamiouli,KM,-11.3847,43.2844,77.04,66,60,10.74,broken clouds
81,Suruc,TR,36.9761,38.425,89.8,21,30,4.72,scattered clouds
82,Bengkulu,ID,-3.8004,102.2655,76.51,81,71,3.98,broken clouds
83,Zyryanka,RU,65.75,150.85,59.11,83,100,4.65,light rain
84,Sisimiut,GL,66.9395,-53.6735,50.72,65,0,4.9,clear sky
85,Vila Velha,BR,-20.3297,-40.2925,73.76,83,0,11.21,clear sky
86,East London,ZA,-33.0153,27.9116,58.28,23,0,6.49,clear sky
87,Hokitika,NZ,-42.7167,170.9667,56.5,88,100,13.78,overcast clouds
88,Belyy Yar,RU,53.6039,91.3903,60.69,94,40,0.0,light intensity shower rain
89,Torbay,CA,47.6666,-52.7314,72.88,82,100,10.25,overcast clouds
90,Fortuna,US,40.5982,-124.1573,83.19,69,20,8.01,few clouds
91,Nome,US,64.5011,-165.4064,50.07,77,90,9.22,overcast clouds
92,Strezhevoy,RU,60.7333,77.5889,53.58,88,100,3.8,overcast clouds
93,Port Hedland,AU,-20.3167,118.5667,51.85,54,19,6.91,few clouds
94,Whitianga,NZ,-36.8333,175.7,60.03,90,100,24.92,overcast clouds
95,Vaini,TO,-21.2,-175.2,78.96,89,75,9.22,broken clouds
96,Sept-Iles,CA,50.2001,-66.3821,72.25,57,6,7.0,clear sky
97,Aktau,KZ,43.65,51.2,72.18,49,0,6.42,clear sky
98,Arraial Do Cabo,BR,-22.9661,-42.0278,71.6,87,83,12.93,broken clouds
99,Dhidhdhoo,MV,6.8833,73.1,81.7,79,19,11.39,few clouds
100,Tura,IN,25.5198,90.2201,74.08,98,99,6.13,overcast clouds
101,Broome,US,42.2506,-75.833,78.17,81,1,1.99,clear sky
102,Gorontalo,ID,0.5412,123.0595,74.59,95,100,4.74,heavy intensity rain
103,Cheney,US,47.4874,-117.5758,86.76,30,0,14.0,clear sky
104,Husavik,IS,66.0449,-17.3389,48.65,95,100,12.33,light rain
105,Sistranda,NO,63.7256,8.834,58.96,85,71,28.7,broken clouds
106,Sunbury,AU,-37.5833,144.7333,45.12,81,40,7.0,scattered clouds
107,Panguna,PG,-6.3164,155.4848,76.23,75,100,2.93,overcast clouds
108,Quatre Cocos,MU,-20.2078,57.7625,71.1,73,50,15.35,light rain
109,Hilo,US,19.7297,-155.09,95.29,61,90,10.36,overcast clouds
110,Mayskiy,RU,47.6931,40.1025,78.44,75,58,5.75,broken clouds
111,Batagay,RU,67.6333,134.6333,66.29,38,88,3.65,overcast clouds
112,Geraldton,AU,-28.7667,114.6,55.81,94,90,5.75,overcast clouds
113,Upata,VE,8.0086,-62.3989,81.19,91,85,5.39,overcast clouds
114,Dikson,RU,73.5069,80.5464,34.77,92,100,7.85,overcast clouds
115,Bay Roberts,CA,47.5999,-53.2648,73.65,79,94,7.0,overcast clouds
116,Kaitangata,NZ,-46.2817,169.8464,47.26,95,98,1.05,overcast clouds
117,Arzgir,RU,45.3728,44.2206,84.6,30,95,10.6,overcast clouds
118,Port Elizabeth,ZA,-33.918,25.5701,56.62,32,0,7.49,clear sky
119,Chardara,KZ,41.2547,67.9692,67.28,81,92,7.63,overcast clouds
120,Stornoway,GB,58.2093,-6.3865,59.94,94,95,9.22,overcast clouds
121,Waipawa,NZ,-41.4122,175.5153,55.45,87,100,19.35,overcast clouds
122,Taksimo,RU,56.3444,114.8794,66.96,68,2,0.65,clear sky
123,Craig,US,40.5153,-107.5464,86.99,16,20,3.44,few clouds
124,Gimli,CA,50.6336,-96.9907,92.43,28,0,7.05,clear sky
125,Lavrentiya,RU,65.5833,-171.0,46.85,92,99,14.38,overcast clouds
126,Kapit,MY,2.0167,112.9333,72.41,99,100,1.12,overcast clouds
127,Dwarka,IN,22.2394,68.9678,83.66,82,100,12.8,overcast clouds
128,Umm Lajj,SA,25.0213,37.2685,85.77,49,7,1.07,clear sky
129,Hamilton,US,39.1834,-84.5333,82.6,84,1,1.01,clear sky
130,Gaya,IN,24.7833,85.0,86.99,62,99,5.73,overcast clouds
131,College,US,64.8569,-147.8028,77.58,52,75,6.91,smoke
132,Swan Hill,AU,-35.3378,143.5544,44.2,80,80,18.01,broken clouds
133,Barrow,US,71.2906,-156.7887,44.62,81,90,13.8,haze
134,Brewster,US,41.3973,-73.6171,89.74,81,34,6.06,scattered clouds
135,Carnarvon,AU,-24.8667,113.6333,62.76,58,90,14.05,overcast clouds
136,Sakakah,SA,29.9697,40.2064,90.21,14,0,14.65,clear sky
137,Villa De San Francisco,HN,14.1667,-86.9667,83.68,54,72,4.63,broken clouds
138,Norman Wells,CA,65.282,-126.8329,68.77,25,40,1.81,scattered clouds
139,Mar Del Plata,AR,-38.0023,-57.5575,55.09,65,60,3.0,broken clouds
140,Kuruman,ZA,-27.4524,23.4325,45.0,48,0,6.26,clear sky
141,Chokurdakh,RU,70.6333,147.9167,60.1,52,100,3.2,overcast clouds
142,Saldanha,ZA,-33.0117,17.9442,55.45,78,0,10.0,clear sky
143,Mahebourg,MU,-20.4081,57.7,71.26,73,58,15.26,broken clouds
144,Nara,JP,34.6851,135.8049,81.25,94,85,5.82,overcast clouds
145,Lebu,CL,-37.6167,-73.65,48.22,71,10,13.58,clear sky
146,Saint-Augustin,CA,51.226,-58.6502,59.29,97,100,11.12,overcast clouds
147,Flinders,AU,-34.5833,150.8552,53.8,67,71,3.0,broken clouds
148,Khatanga,RU,71.9667,102.5,42.55,64,8,5.1,clear sky
149,Fairbanks,US,64.8378,-147.7164,77.59,58,40,1.99,scattered clouds
150,Victoria,HK,22.2855,114.1577,83.32,88,100,1.99,light rain
151,Caravelas,BR,-17.7125,-39.2481,71.8,86,0,7.18,clear sky
152,Baker City,US,44.7749,-117.8344,90.93,23,1,6.91,clear sky
153,Usinsk,RU,65.9939,57.5281,52.72,81,21,6.15,few clouds
154,Xining,CN,36.6167,101.7667,55.08,87,86,2.26,overcast clouds
155,Atuona,PF,-9.8,-139.0333,78.12,73,38,22.03,scattered clouds
156,Ornskoldsvik,SE,63.2909,18.7153,59.95,72,1,4.61,clear sky
157,Okakarara,NA,-20.5833,17.4333,51.53,53,15,6.91,few clouds
158,Gonaives,HT,19.45,-72.6833,84.18,61,62,4.85,broken clouds
159,Miandrivazo,MG,-19.5167,45.4667,66.51,68,2,2.48,clear sky
160,Zhangjiakou,CN,40.81,114.8794,70.95,91,99,5.32,overcast clouds
161,Shitkino,RU,56.3703,98.3543,60.55,92,77,1.66,broken clouds
162,Hit,IQ,33.6416,42.8251,94.91,16,0,8.03,clear sky
163,Puerto Ayora,EC,-0.7393,-90.3518,72.55,93,93,7.0,overcast clouds
164,Hailin,CN,44.5833,129.4167,74.75,87,52,3.44,light rain
165,Longyearbyen,SJ,78.2186,15.6401,48.04,81,75,2.3,broken clouds
166,Saint-Pierre,RE,-21.3393,55.4781,69.48,73,40,13.8,scattered clouds
167,Ca Mau,VN,9.1769,105.15,76.28,87,100,3.69,overcast clouds
168,Coquimbo,CL,-29.9533,-71.3436,58.08,67,1,4.52,clear sky
169,Muravlenko,RU,63.7898,74.523,49.1,98,100,8.43,overcast clouds
170,Half Moon Bay,US,37.4636,-122.4286,90.54,64,1,9.22,clear sky
171,Nueva Granada,CO,9.8017,-74.393,95.83,39,35,3.22,scattered clouds
172,Mayna,RU,54.1135,47.6231,63.97,92,82,5.73,broken clouds
173,Lazo,RU,43.3817,133.9014,72.25,91,43,3.04,scattered clouds
174,Sorland,NO,67.667,12.6934,53.71,92,100,24.63,light rain
175,Qaanaaq,GL,77.484,-69.3632,36.25,93,97,12.46,overcast clouds
176,Pangkalanbuun,ID,-2.6833,111.6167,73.44,93,100,2.28,overcast clouds
177,Nuristan,AF,35.3,70.8333,50.74,70,46,4.29,scattered clouds
178,Dundee,GB,56.5,-2.9667,64.65,83,0,8.05,clear sky
179,Warmbad,NA,-28.45,18.7333,52.59,16,0,8.37,clear sky
180,Nantucket,US,41.2835,-70.0995,84.96,90,90,9.22,mist
181,Kundiawa,PG,-6.0167,144.9667,66.06,61,100,0.92,overcast clouds
182,Rawah,IQ,34.4816,41.9093,94.15,18,0,8.08,clear sky
183,Soufriere,LC,13.8562,-61.0566,83.86,89,75,25.32,broken clouds
184,Kahului,US,20.8947,-156.47,86.02,65,40,24.16,scattered clouds
185,Maues,BR,-3.3836,-57.7186,79.88,73,67,2.35,broken clouds
186,Comodoro Rivadavia,AR,-45.8667,-67.5,49.86,46,75,10.36,broken clouds
187,Vestmannaeyjar,IS,63.4427,-20.2734,50.74,82,100,13.29,overcast clouds
188,Belmonte,BR,-15.8631,-38.8828,73.9,78,20,8.03,few clouds
189,Ketchikan,US,55.3422,-131.6461,57.67,82,90,10.36,moderate rain
190,Sao Gabriel Da Cachoeira,BR,-0.1303,-67.0892,75.79,92,84,4.21,broken clouds
191,Aranos,NA,-24.1333,19.1167,50.54,44,0,10.29,clear sky
192,Biloela,AU,-24.4167,150.5,56.19,45,3,7.36,clear sky
193,Clyde River,CA,70.4692,-68.5914,40.06,81,90,4.03,overcast clouds
194,Lancaster,US,40.2504,-76.2499,93.33,59,40,10.36,scattered clouds
195,Vuktyl,RU,63.8567,57.3094,55.62,78,28,1.97,scattered clouds
196,Merauke,ID,-8.4667,140.3333,77.79,88,98,9.17,overcast clouds
197,Hithadhoo,MV,-0.6,73.0833,82.78,75,82,11.86,broken clouds
198,Samana,DO,19.2056,-69.3369,80.82,83,75,0.0,broken clouds
199,Saint-Philippe,RE,-21.3585,55.7679,69.39,84,62,15.08,light rain
200,Palana,RU,59.1167,159.9667,54.3,86,35,2.53,scattered clouds
201,Ribeira Grande,PT,38.5167,-28.7,67.59,68,56,12.77,broken clouds
202,Kanker,IN,20.2719,81.4931,77.04,78,78,4.07,broken clouds
203,Pilar,BR,-9.5972,-35.9567,71.53,93,26,3.78,scattered clouds
204,Xuddur,SO,4.1213,43.8894,71.78,67,39,24.65,scattered clouds
205,Karsiyang,IN,26.8825,88.2773,63.39,92,100,2.44,overcast clouds
206,Floro,NO,61.5996,5.0328,65.1,82,90,14.97,overcast clouds
207,Inhambane,MZ,-23.865,35.3833,64.81,71,84,10.78,broken clouds
208,Pacifica,US,37.6138,-122.4869,92.37,74,20,7.0,few clouds
209,Vila Franca Do Campo,PT,37.7167,-25.4333,68.41,87,76,6.29,broken clouds
210,Pochutla,MX,15.7432,-96.4661,88.83,69,89,7.49,overcast clouds
211,Nicolas De Pierola,PE,-11.95,-76.7,52.14,54,0,4.38,clear sky
212,Kourou,GF,5.1552,-52.6478,80.11,83,46,4.36,scattered clouds
213,Ancud,CL,-41.8697,-73.8203,46.22,77,15,8.08,few clouds
214,Provideniya,RU,64.3833,-173.3,46.71,97,100,7.29,light rain
215,Nyrob,RU,60.733,56.7202,55.87,96,30,1.3,scattered clouds
216,Tigre,AR,-34.426,-58.5796,55.4,78,0,10.36,clear sky
217,Sampit,ID,-2.5333,112.95,71.89,92,100,0.74,light rain
218,Zomin,UZ,39.9606,68.3958,65.08,84,0,4.54,clear sky
219,Champerico,GT,14.3,-91.9167,91.94,75,76,12.55,broken clouds
220,Kloulklubed,PW,7.0419,134.2556,77.5,79,100,13.58,overcast clouds
221,Saint George,US,37.1041,-113.5841,99.43,31,1,1.99,clear sky
222,Kakching,IN,24.4833,93.9833,70.93,96,100,2.8,overcast clouds
223,Saint-Georges,GD,12.0564,-61.7485,82.08,78,20,17.27,few clouds
224,Disna,BY,55.568,28.1971,68.05,94,87,4.72,overcast clouds
225,Leningradskiy,RU,69.3833,178.4167,36.23,94,100,3.24,light rain
226,Maceio,BR,-9.6658,-35.7353,72.84,100,90,4.61,overcast clouds
227,Bama,NG,11.5221,13.6856,74.59,85,100,6.29,moderate rain
228,Changde,CN,29.0464,111.6783,79.47,91,100,3.94,light rain
229,Cordoba,AR,-31.4135,-64.1811,65.75,36,0,8.05,clear sky
230,Teknaf,BD,20.8624,92.3058,79.27,89,100,3.85,overcast clouds
231,Korla,CN,41.7597,86.1469,83.1,31,2,3.29,clear sky
232,Cherskiy,RU,68.75,161.3,60.37,39,42,13.38,scattered clouds
233,Eureka,US,40.8021,-124.1637,79.66,72,25,5.01,scattered clouds
234,Koygorodok,RU,60.445,50.9968,56.57,88,23,3.78,few clouds
235,La Grande,US,45.3246,-118.0877,90.21,27,3,14.16,clear sky
236,Rocha,UY,-34.4833,-54.3333,46.99,78,3,5.41,clear sky
237,Lorengau,PG,-2.0226,147.2712,82.92,82,95,10.74,overcast clouds
238,Muncar,ID,-8.4333,114.3333,74.43,84,96,2.62,overcast clouds
239,Meulaboh,ID,4.1363,96.1285,75.7,91,79,4.9,broken clouds
240,Ler,SS,8.3018,30.1418,71.89,95,100,3.15,overcast clouds
241,Karratha,AU,-20.7377,116.8463,61.72,33,5,13.31,clear sky
242,Caucaia,BR,-3.7361,-38.6531,80.55,77,20,6.91,few clouds
243,Birao,CF,10.2849,22.7882,77.68,67,59,4.88,broken clouds
244,Rawson,AR,-43.3002,-65.1023,47.88,45,11,13.73,few clouds
245,Corning,US,42.1428,-77.0547,75.24,87,75,0.0,moderate rain
246,Isangel,VU,-19.55,169.2667,78.8,82,30,7.09,scattered clouds
247,Velasco Ibarra,EC,-1.05,-79.6167,81.82,64,91,1.43,overcast clouds
248,Lata,PT,40.1629,-8.3327,74.05,51,0,1.72,clear sky
249,Lukulu,ZM,-14.3707,23.242,65.35,44,52,10.42,broken clouds
250,Sorong,ID,-0.8833,131.25,77.59,89,93,1.72,overcast clouds
251,Bambous Virieux,MU,-20.3428,57.7575,71.22,72,56,15.26,broken clouds
252,Villarrica,PY,-25.75,-56.4333,58.39,67,40,3.91,scattered clouds
253,Angoche,MZ,-16.2325,39.9086,73.67,58,94,14.41,overcast clouds
254,Tuktoyaktuk,CA,69.4541,-133.0374,50.61,64,43,12.71,scattered clouds
255,Gambela,ET,8.25,34.5833,69.76,90,100,3.83,light rain
256,Nikolskoye,RU,59.7035,30.7861,76.89,62,19,3.51,few clouds
257,Wenling,CN,28.3669,121.36,80.91,89,100,2.91,overcast clouds
258,Sangar,RU,63.9242,127.4739,62.15,49,5,12.39,clear sky
259,Mount Isa,AU,-20.7333,139.5,42.57,70,51,0.0,broken clouds
260,Formosa,AR,-26.1775,-58.1781,60.78,77,0,3.44,clear sky
261,Tuatapere,NZ,-46.1333,167.6833,44.82,95,100,2.15,light rain
262,Alpena,US,45.0617,-83.4327,73.94,61,1,4.61,clear sky
263,San Quintin,MX,30.4833,-115.95,74.53,67,9,15.08,clear sky
264,Salvador,SV,13.8333,-88.9167,87.04,57,16,1.07,few clouds
265,Praia Da Vitoria,PT,38.7333,-27.0667,68.76,79,24,13.96,few clouds
266,Iqaluit,CA,63.7506,-68.5145,72.7,53,0,15.99,clear sky
267,Kenora,CA,49.8167,-94.4337,84.78,42,17,10.0,few clouds
268,Singaraja,ID,-8.112,115.0882,76.39,79,95,3.87,overcast clouds
269,Areado,BR,-21.3586,-46.1456,68.31,42,99,2.26,overcast clouds
270,Halifax,CA,44.6453,-63.5724,80.42,88,77,4.0,broken clouds
271,Yoichi,JP,43.2039,140.7703,79.61,82,99,5.44,overcast clouds
272,Kirakira,SB,-10.4544,161.9205,83.28,78,47,13.51,scattered clouds
273,Bredasdorp,ZA,-34.5322,20.0403,48.13,80,1,6.11,clear sky
274,Ahvaz,IR,31.3203,48.6693,100.35,15,0,4.61,clear sky
275,Tadine,NC,-21.55,167.8833,76.64,80,1,7.34,clear sky
276,Asau,RO,46.4333,26.4,66.4,69,7,3.06,clear sky
277,Malindi,KE,-3.2175,40.1191,76.46,81,48,19.73,scattered clouds
278,Odienne,CI,9.51,-7.5692,72.12,93,95,4.32,moderate rain
279,Bandarbeyla,SO,9.4942,50.8122,76.03,83,77,35.72,broken clouds
280,Coos Bay,US,43.3665,-124.2179,86.85,69,1,11.5,clear sky
281,Baoying,CN,33.2292,119.3092,72.72,97,100,5.55,moderate rain
282,Balabac,PH,7.9868,117.0645,81.03,75,100,9.82,overcast clouds
283,Mount Gambier,AU,-37.8333,140.7667,48.11,87,90,23.02,shower rain
284,Athmallik,IN,20.7219,84.5348,79.21,87,66,3.71,broken clouds
285,North Bend,US,43.4065,-124.2243,76.24,69,1,11.5,clear sky
286,Kruisfontein,ZA,-34.0033,24.7314,51.06,21,0,7.09,clear sky
287,Walvis Bay,NA,-22.9575,14.5053,67.08,28,4,6.46,clear sky
288,Bakersfield,US,35.3733,-119.0187,107.19,17,1,4.0,clear sky
289,Phek,IN,25.6667,94.5,61.18,99,100,0.89,overcast clouds
290,Senanga,ZM,-16.1167,23.2667,60.06,56,30,7.56,scattered clouds
291,Rabo De Peixe,PT,37.8,-25.5833,67.51,83,20,13.8,few clouds
292,Makakilo City,US,21.3469,-158.0858,88.12,55,75,8.05,broken clouds
293,Chicama,PE,-7.8447,-79.1469,64.94,69,4,8.28,clear sky
294,Laguna,US,38.421,-121.4238,99.21,32,1,3.0,clear sky
295,Manado,ID,1.487,124.8455,72.37,94,75,1.14,broken clouds
296,Airai,TL,-8.9266,125.4092,55.67,60,55,2.75,broken clouds
297,Valparaiso,CL,-33.0393,-71.6273,58.64,72,0,4.61,clear sky
298,Kaprijke,BE,51.208,3.6273,62.08,79,0,8.93,clear sky
299,Mecca,SA,21.4267,39.8261,90.27,18,96,3.65,overcast clouds
300,Sao Filipe,CV,14.8961,-24.4956,74.61,82,0,5.7,clear sky
301,Salalah,OM,17.0151,54.0924,77.09,94,75,6.91,light intensity drizzle
302,Zykovo,RU,55.9519,93.1461,61.54,95,99,3.18,light rain
303,Bakel,SN,14.905,-12.4568,91.17,45,73,5.77,broken clouds
304,Marzuq,YE,14.4,46.4667,71.76,56,100,18.07,overcast clouds
305,Kuytun,RU,54.3419,101.5036,60.8,89,32,0.63,scattered clouds
306,Grand Gaube,MU,-20.0064,57.6608,71.38,74,60,5.99,light rain
307,San Patricio,US,28.017,-97.5169,92.12,54,34,17.09,scattered clouds
308,Guerrero Negro,MX,27.9769,-114.0611,77.25,58,38,18.25,scattered clouds
309,Togur,RU,58.3631,82.8265,54.07,86,95,6.78,overcast clouds
310,Cidreira,BR,-30.1811,-50.2056,55.44,79,5,7.58,clear sky
311,Sitka,US,57.0531,-135.33,60.69,77,90,6.91,overcast clouds
312,Trinidad,BO,-14.8333,-64.9,79.11,52,0,2.35,clear sky
313,Ilulissat,GL,69.2167,-51.1,57.22,33,94,9.22,overcast clouds
314,Matara,LK,5.9485,80.5353,78.93,86,56,12.08,broken clouds
315,Beloha,MG,-25.1667,45.05,65.79,84,68,14.29,broken clouds
316,Linden,GY,6.0,-58.3,84.34,93,65,1.3,broken clouds
317,Tezu,IN,27.9167,96.1667,76.96,84,99,2.24,overcast clouds
318,Tancitaro,MX,19.3333,-102.3667,68.02,74,99,3.78,overcast clouds
319,Lypova Dolyna,UA,50.5643,33.7979,70.07,83,0,4.38,clear sky
320,Tazovskiy,RU,67.4667,78.7,45.63,69,100,10.8,overcast clouds
321,Verkhniy Avzyan,RU,53.5289,57.5372,55.33,97,100,3.83,overcast clouds
322,Egvekinot,RU,66.3167,-179.1667,41.9,98,100,7.27,light rain
323,Lasa,IT,46.6166,10.7002,65.28,94,89,5.66,overcast clouds
324,Cabedelo,BR,-6.9811,-34.8339,75.87,84,4,9.4,clear sky
325,Puerto Escondido,MX,15.85,-97.0667,86.83,58,90,6.91,overcast clouds
326,Ponta Delgada,PT,37.7333,-25.6667,68.72,83,20,13.8,few clouds
327,Nanortalik,GL,60.1432,-45.2371,50.29,69,94,5.86,overcast clouds
328,Areia Branca,BR,-4.9561,-37.1369,80.44,79,41,18.97,scattered clouds
329,Samarai,PG,-10.6167,150.6667,80.71,87,84,12.21,broken clouds
330,Amapa,BR,1.0,-52.0,72.7,98,72,4.83,broken clouds
331,Baykit,RU,61.67,96.37,60.85,75,57,0.29,broken clouds
332,Hohhot,CN,40.8106,111.6522,70.09,94,20,4.47,few clouds
333,Acapulco,MX,16.8634,-99.8901,75.02,94,90,8.05,overcast clouds
334,Marsh Harbour,BS,26.5412,-77.0636,82.45,69,3,12.88,clear sky
335,Chumikan,RU,54.7183,135.315,66.22,72,69,22.44,light rain
336,Lokossa,BJ,6.6387,1.7167,74.26,94,100,6.89,light rain
337,Shahr-E Kord,IR,32.3256,50.8644,58.77,26,0,4.61,clear sky
338,La Palma,US,33.8464,-118.0467,105.04,51,1,5.99,clear sky
339,Tianpeng,CN,30.9866,103.9393,73.87,94,37,2.75,scattered clouds
340,Orotukan,RU,62.2667,151.7,62.44,57,100,7.81,overcast clouds
341,Bandar-E Lengeh,IR,26.5579,54.8807,91.27,70,100,16.44,overcast clouds
342,Selfoss,IS,63.9331,-20.9971,50.04,84,96,7.14,overcast clouds
343,Deputatskiy,RU,69.3,139.9,60.58,38,90,5.44,overcast clouds
344,Normandin,CA,48.8333,-72.5321,73.71,56,47,10.36,scattered clouds
345,Tautira,PF,-17.7333,-149.15,86.02,69,67,19.22,broken clouds
346,Gannan,CN,47.9147,123.5031,72.68,73,69,3.78,broken clouds
347,Goderich,CA,43.7501,-81.7165,73.9,56,100,8.05,overcast clouds
348,Verdun,FR,49.25,5.3333,64.17,83,93,5.12,overcast clouds
349,Luena,AO,-11.7833,19.9167,55.94,48,1,4.16,clear sky
350,Kantunilkin,MX,21.0917,-87.45,87.64,51,91,5.46,overcast clouds
351,Emerald,AU,-23.5333,148.1667,57.97,35,30,11.39,scattered clouds
352,Kamenka,RU,51.3223,42.7678,67.59,80,100,5.75,overcast clouds
353,Cherkasskoye,RU,52.4333,47.2167,65.79,86,72,2.53,broken clouds
354,Murdochville,CA,48.9583,-65.5006,59.88,65,44,12.03,scattered clouds
355,Polunochnoye,RU,60.8697,60.4153,56.46,65,77,0.34,broken clouds
356,Temeni,GR,38.2333,22.1167,76.89,60,0,13.73,clear sky
357,Katobu,ID,-4.9408,122.5276,73.0,95,98,2.75,overcast clouds
358,Polson,US,47.6936,-114.1632,88.41,33,0,3.0,clear sky
359,Tilichiki,RU,60.4667,166.1,53.15,84,80,5.93,broken clouds
360,Aklavik,CA,68.2191,-135.0107,70.52,52,75,2.3,broken clouds
361,Bilibino,RU,68.0546,166.4372,53.28,58,57,3.87,broken clouds
362,Okhotsk,RU,59.3833,143.3,57.34,96,100,11.41,light rain
363,Wollongong,AU,-34.4333,150.8833,56.08,67,66,14.38,broken clouds
364,Karasjok,NO,69.4719,25.5112,53.71,77,31,8.23,scattered clouds
365,Gawler,AU,-34.6,138.7333,53.11,77,72,16.69,broken clouds
366,Ankazoabo,MG,-22.2833,44.5167,60.37,68,0,5.64,clear sky
367,Altamont,US,42.2068,-121.7372,84.88,24,1,8.01,clear sky
368,Mumbwa,ZM,-14.9783,27.0619,55.29,80,1,7.9,clear sky
369,Siaya,KE,0.0612,34.2882,62.01,87,65,2.84,broken clouds
370,Souillac,MU,-20.5167,57.5167,71.37,83,40,11.5,light rain
371,Namakkal,IN,11.2213,78.1652,75.34,85,94,4.68,moderate rain
372,Poya,NC,-21.35,165.15,76.98,72,2,3.15,clear sky
373,Prince Rupert,CA,54.3161,-130.3201,57.29,85,90,2.3,moderate rain
374,Zalari,RU,53.5584,102.5065,61.45,89,20,4.7,few clouds
375,Bathsheba,BB,13.2167,-59.5167,81.21,83,40,11.5,scattered clouds
376,Formosa Do Rio Preto,BR,-11.0483,-45.1931,75.87,36,41,4.54,scattered clouds
377,Ukiah,US,39.1502,-123.2078,100.13,24,1,12.66,clear sky
378,Maubin,MM,16.7333,95.65,78.96,93,94,2.44,overcast clouds
379,Kuala Selangor,MY,3.35,101.25,79.59,87,99,7.16,light rain
380,Annapolis,US,38.9785,-76.4922,95.47,65,1,9.22,clear sky
381,Iralaya,HN,15.0,-83.2333,82.89,71,1,8.21,clear sky
382,Ploemeur,FR,47.7333,-3.4333,64.81,77,0,8.05,clear sky
383,Phan Thiet,VN,10.9333,108.1,76.6,87,83,9.42,broken clouds
384,Srednekolymsk,RU,67.45,153.6833,65.68,49,100,2.48,overcast clouds
385,Alekseyevsk,RU,57.8406,108.3492,64.72,76,61,1.79,broken clouds
386,Touros,BR,-5.1989,-35.4608,77.9,82,3,10.51,clear sky
387,Thyboron,DK,56.6985,8.2124,62.1,81,0,24.25,clear sky
388,Qaqortoq,GL,60.7167,-46.0333,54.1,65,100,2.04,overcast clouds
389,General Pico,AR,-35.6566,-63.7568,54.55,29,0,20.54,clear sky
390,Zhigansk,RU,66.7697,123.3711,62.76,50,57,14.5,broken clouds
391,Winnemucca,US,40.973,-117.7357,93.25,4,1,5.75,clear sky
392,Miri,MY,4.4148,114.0089,75.34,94,20,1.14,few clouds
393,Dalvik,IS,65.9702,-18.5286,49.93,90,100,4.99,overcast clouds
394,Mwense,ZM,-10.3845,28.698,65.14,44,7,9.06,clear sky
395,Varadero,CU,23.1536,-81.2514,84.96,74,5,19.35,clear sky
396,Vestmanna,FO,62.1564,-7.1664,50.92,100,90,13.8,overcast clouds
397,Buala,SB,-8.145,159.5921,83.17,78,41,11.27,light rain
398,Ambatondrazaka,MG,-17.8333,48.4167,56.53,88,78,5.06,broken clouds
399,Ambilobe,MG,-13.2,49.05,64.49,81,33,3.85,scattered clouds
400,Luis Correia,BR,-2.8792,-41.6669,79.43,82,23,13.22,few clouds
401,Los Llanos De Aridane,ES,28.6585,-17.9182,68.13,93,0,16.11,clear sky
402,Rapar,IN,23.5667,70.6333,87.04,72,86,7.61,overcast clouds
403,Haines Junction,CA,60.7522,-137.5108,71.55,20,97,5.75,overcast clouds
404,Naron,ES,43.5167,-8.1528,70.65,84,0,10.42,clear sky
405,Bambanglipuro,ID,-7.95,110.2833,71.71,89,37,2.84,scattered clouds
406,Dunmore Town,BS,25.5,-76.65,82.0,69,7,9.44,clear sky
407,Poum,NC,-20.2333,164.0167,74.34,83,2,7.47,clear sky
408,Palenque,MX,17.5167,-91.9667,91.56,52,20,0.0,few clouds
409,Aginskoye,RU,51.1,114.53,66.54,69,100,2.55,overcast clouds
410,Sehithwa,BW,-20.4667,22.7167,59.04,58,76,7.43,broken clouds
411,Henties Bay,NA,-22.116,14.2845,66.85,56,7,3.09,clear sky
412,Thompson,CA,55.7435,-97.8558,77.16,50,75,13.8,smoke
413,Voyvozh,RU,62.892,54.9635,57.43,76,78,1.39,broken clouds
414,Gorom-Gorom,BF,14.4439,-0.2361,93.85,37,93,12.64,overcast clouds
415,Pemberton,CA,50.3164,-122.8027,69.49,72,99,6.26,overcast clouds
416,Olinda,BR,-8.0089,-34.8553,73.13,88,40,4.61,scattered clouds
417,Faanui,PF,-16.4833,-151.75,80.08,64,6,21.63,clear sky
418,Aljezur,PT,37.3191,-8.8033,66.27,77,0,6.89,clear sky
419,Kostolac,RS,44.7149,21.1711,69.15,94,97,4.05,overcast clouds
420,Maputo,MZ,-25.9653,32.5892,55.08,82,0,5.75,clear sky
421,Constitucion,CL,-35.3333,-72.4167,49.84,71,6,14.12,clear sky
422,Mocuba,MZ,-16.8392,36.9856,58.66,83,9,4.47,clear sky
423,Piste,MX,20.7,-88.5833,87.21,56,61,7.05,broken clouds
424,Hualmay,PE,-11.0964,-77.6139,65.61,77,11,11.68,few clouds
425,Pathein,MM,16.7833,94.7333,76.89,92,98,2.33,overcast clouds
426,Port Macquarie,AU,-31.4333,152.9167,62.38,53,0,13.8,clear sky
427,Navahrudak,BY,53.6,25.8333,68.27,75,40,2.06,scattered clouds
428,Wajima,JP,37.4,136.9,78.78,80,50,6.2,scattered clouds
429,Victoria Point,AU,-27.5833,153.3,61.29,52,0,3.0,clear sky
430,Yenagoa,NG,4.9247,6.2642,72.34,92,100,0.43,overcast clouds
431,Bjornevatn,NO,69.6672,29.9847,55.74,67,0,11.5,clear sky
432,Mikhaylovka,RU,50.06,43.2379,68.36,86,99,5.55,overcast clouds
433,Rumford,US,44.5537,-70.5509,84.06,55,59,9.15,broken clouds
434,Skjervoy,NO,70.0311,20.9714,51.12,88,100,11.74,overcast clouds
435,Sao Luiz Gonzaga,BR,-28.4083,-54.9608,53.85,82,8,7.14,clear sky
436,Malatya,TR,38.5,38.0,66.25,46,0,2.3,clear sky
437,Dong Xoai,VN,11.5333,106.9167,72.72,95,74,2.04,broken clouds
438,Amol,IR,36.4696,52.3507,70.99,92,100,3.91,overcast clouds
439,Kenai,US,60.5544,-151.2583,78.03,55,1,8.05,clear sky
440,Eseka,CM,3.65,10.7667,71.01,99,100,2.21,overcast clouds
441,Burgos,ES,42.3394,-3.7079,59.41,82,0,10.36,clear sky
442,Kibala,TD,9.1104,18.3463,76.95,83,20,0.0,few clouds
443,Alcaniz,ES,41.05,-0.1333,73.08,41,0,10.4,clear sky
444,Soyo,AO,-6.1349,12.3689,72.0,91,27,6.26,scattered clouds
445,Khasan,RU,42.4308,130.6434,72.7,97,78,1.23,broken clouds
446,Lubango,AO,-14.9172,13.4925,57.7,39,0,3.69,clear sky
447,Yar-Sale,RU,66.8333,70.8333,44.46,69,98,9.51,overcast clouds
448,Codrington,AU,-38.2667,141.9667,51.21,82,91,24.07,overcast clouds
449,Bose,IT,45.4612,8.0137,65.08,80,60,5.64,broken clouds
450,Williston,US,48.147,-103.618,99.01,35,0,1.01,clear sky
451,Nabire,ID,-3.3667,135.4833,75.16,91,99,2.95,overcast clouds
452,Alugan,PH,12.2188,125.4808,77.56,89,100,4.65,overcast clouds
453,Linxia,CN,35.6003,103.2064,61.38,83,36,3.33,scattered clouds
454,Sterling,US,39.0062,-77.4286,94.75,51,20,1.99,few clouds
455,Ahipara,NZ,-35.1667,173.1667,62.44,93,100,25.1,light rain
456,Kavaratti,IN,10.5669,72.642,82.58,75,88,15.97,overcast clouds
457,Sao Jose Da Coroa Grande,BR,-8.8978,-35.1478,74.44,88,5,6.98,clear sky
458,Mbour,SN,14.422,-16.9638,79.65,78,97,13.11,overcast clouds
459,Tikhvin,RU,59.6451,33.5294,61.21,63,13,3.27,few clouds
460,Batsfjord,NO,70.6345,29.7185,50.25,78,88,17.69,overcast clouds
461,Richards Bay,ZA,-28.783,32.0377,56.88,75,0,6.8,clear sky
462,Shellbrook,CA,53.2168,-106.4011,78.03,22,26,9.04,scattered clouds
463,Bol,TD,13.4586,14.7147,80.76,79,21,8.66,few clouds
464,Ballina,AU,-28.8667,153.5667,60.76,39,0,17.27,clear sky
465,Great Falls,US,47.5002,-111.3008,93.92,15,1,1.01,haze
466,Jinchang,CN,38.4953,102.1739,75.45,42,0,5.17,clear sky
467,Camacha,PT,33.0833,-16.3333,69.53,77,75,8.05,broken clouds
468,Carutapera,BR,-1.195,-46.02,76.3,90,40,8.28,scattered clouds
469,Jawa,JO,31.8525,35.9393,82.71,28,0,9.22,clear sky
470,Taoudenni,ML,22.6783,-3.9836,104.04,17,88,9.64,overcast clouds
471,Kununurra,AU,-15.7667,128.7333,67.98,45,37,6.91,scattered clouds
472,Kendari,ID,-3.945,122.4989,73.47,94,100,2.35,overcast clouds
473,Cockburn Town,TC,21.4612,-71.1419,81.61,77,2,20.6,clear sky
474,Saratoga Springs,US,43.0831,-73.7846,84.99,61,80,8.66,broken clouds
475,Santa Cruz,BO,-17.8,-63.1667,69.96,56,14,5.1,few clouds
476,Mehamn,NO,71.0357,27.8492,49.73,84,98,22.48,overcast clouds
477,Alice Springs,AU,-23.7,133.8833,40.55,52,5,6.91,clear sky
478,Pangnirtung,CA,66.1451,-65.7125,51.8,76,75,4.61,broken clouds
479,Barentu,ER,15.1139,37.5928,72.64,79,100,10.83,overcast clouds
480,Palmer,US,42.1584,-72.3287,86.92,77,75,3.44,broken clouds
481,Sikasso,ML,10.9167,-7.0,71.85,88,100,4.41,overcast clouds
482,La Ronge,CA,55.1001,-105.2842,73.65,38,20,8.05,few clouds
483,Kohima,IN,25.6667,94.1167,65.77,98,100,1.19,overcast clouds
484,Molo,KE,-0.2479,35.7374,51.89,91,100,2.84,overcast clouds
485,Ponta Do Sol,PT,32.6667,-17.1,73.0,83,3,1.63,clear sky
486,Rundu,NA,-17.9333,19.7667,58.95,61,58,8.32,broken clouds
487,Ambon,ID,-3.6954,128.1814,75.34,94,40,4.61,light rain
488,Buchanan,LR,5.8808,-10.0467,76.12,90,91,8.52,moderate rain
489,San Cristobal,VE,7.7669,-72.225,82.58,68,58,5.61,broken clouds
490,Bahir Dar,ET,11.5936,37.3908,61.29,94,100,2.39,heavy intensity rain
491,Dubbo,AU,-32.25,148.6167,46.53,93,90,10.36,overcast clouds
492,Saint-Francois,FR,46.4154,3.9054,63.18,94,90,5.75,overcast clouds
493,Dalhousie,IN,32.5333,75.9833,64.69,82,78,3.67,broken clouds
494,Reyes,BO,-14.3167,-67.3833,68.16,94,75,0.0,broken clouds
495,Petropavlovsk-Kamchatskiy,RU,53.0452,158.6483,55.99,94,90,4.47,overcast clouds
496,Basco,PH,20.4487,121.9702,83.39,79,100,10.33,overcast clouds
497,Pisco,PE,-13.7,-76.2167,64.45,77,7,14.97,clear sky
498,Dingle,PH,10.9995,122.6711,75.83,91,99,6.62,overcast clouds
499,Vikindu,TZ,-7.0067,39.2985,71.58,82,22,8.59,few clouds
500,Laredo,US,27.5064,-99.5075,97.09,44,40,21.85,scattered clouds
501,Oktyabrskiy,RU,54.4815,53.471,62.31,92,88,3.36,overcast clouds
502,Vanavara,RU,60.34,102.2797,61.0,92,87,2.01,overcast clouds
503,Sainte-Rose,GP,16.3324,-61.6979,84.24,65,75,12.66,broken clouds
504,Norrtalje,SE,59.758,18.705,61.84,66,0,1.97,clear sky
505,Assare,BR,-6.8744,-39.875,78.89,42,31,5.79,scattered clouds
506,Callaway,US,30.153,-85.5699,88.99,71,20,5.01,few clouds
507,Raudeberg,NO,61.9875,5.1352,62.2,83,54,27.11,broken clouds
508,Iwanai,JP,42.9744,140.5089,75.69,80,40,1.83,scattered clouds
509,Gat,IL,31.61,34.7642,82.4,83,0,3.02,clear sky
510,Mwinilunga,ZM,-11.7358,24.4293,57.38,52,63,4.36,broken clouds
511,Herat,AF,34.5,62.0,75.56,24,6,11.72,clear sky
512,Odda,NO,60.0691,6.5457,64.78,98,42,3.74,scattered clouds
513,Jacareacanga,BR,-6.2222,-57.7528,87.1,41,65,1.88,broken clouds
514,Masterton,NZ,-40.9597,175.6575,63.97,90,100,13.85,overcast clouds
515,San Luis,AR,-33.295,-66.3356,53.37,37,0,3.65,clear sky
516,Bridlington,GB,54.0831,-0.1919,65.89,83,0,7.67,clear sky
517,Lensk,RU,60.7253,114.9278,68.34,59,7,2.86,clear sky
518,Gelibolu,TR,40.4103,26.6708,73.26,72,0,10.8,clear sky
519,Pacific Grove,US,36.6177,-121.9166,88.02,79,75,1.01,broken clouds
520,Chibombo,ZM,-14.6569,28.0706,56.84,78,13,10.02,few clouds
521,Sur,OM,22.5667,59.5289,83.35,79,82,14.16,broken clouds
522,Scottsbluff,US,41.8666,-103.6672,94.32,20,1,3.0,clear sky
523,Yulara,AU,-25.2406,130.9889,39.04,65,23,4.61,few clouds
524,Lundazi,ZM,-12.2929,33.1782,56.48,80,18,10.94,few clouds
525,Akdagmadeni,TR,39.6603,35.8836,61.29,76,0,3.2,clear sky
526,Grants Pass,US,42.439,-123.3284,90.36,25,1,5.99,clear sky
527,Kachug,RU,53.9606,105.8817,61.88,77,100,2.28,overcast clouds
528,Lalibela,ET,12.0333,39.0333,60.39,77,100,1.9,light rain
529,Mackenzie,CA,55.2999,-123.1698,55.62,82,90,6.02,overcast clouds
530,Avera,US,33.194,-82.5271,90.91,58,93,0.43,overcast clouds
531,Saint-Joseph,RE,-21.3667,55.6167,68.38,81,32,15.14,light rain
532,Novyy Urengoy,RU,66.0833,76.6333,50.77,82,100,10.45,overcast clouds
533,Tofield,CA,53.3668,-112.6686,75.04,33,14,12.48,few clouds
534,Troy,US,42.6056,-83.1499,70.18,94,90,1.01,light rain
535,San Vicente,AR,-26.6167,-54.1333,50.59,91,1,2.44,clear sky
536,Yokadouma,CM,3.5167,15.05,69.94,96,100,1.03,overcast clouds
537,Parabel,RU,58.6978,81.4825,51.17,96,68,6.76,broken clouds
538,Naze,JP,28.3667,129.4833,79.72,80,25,7.0,scattered clouds
539,Esperance,AU,-33.8667,121.9,49.84,84,100,5.48,overcast clouds
540,Astoria,US,46.1879,-123.8313,72.88,75,90,5.01,overcast clouds
541,Buritis,BR,-15.6178,-46.4233,72.95,37,0,1.9,clear sky
542,Lake Mary,US,28.7589,-81.3178,93.04,63,20,3.0,few clouds
543,Leninogorsk,RU,54.6026,52.4609,60.55,97,54,5.61,broken clouds
544,Sembakung,ID,3.8167,117.25,78.73,92,98,0.4,overcast clouds
545,Labuhan,ID,-6.8844,112.2051,74.23,85,100,6.51,overcast clouds
546,Yeppoon,AU,-23.1333,150.7333,60.58,43,28,8.77,scattered clouds
547,Sao Felix Do Xingu,BR,-6.6447,-51.995,84.02,40,38,1.03,scattered clouds
548,Lewiston,US,44.1003,-70.2148,85.35,68,1,8.05,clear sky
549,Moron,AR,-34.6534,-58.6198,55.15,83,21,7.0,few clouds
550,Zapadnaya Dvina,RU,56.259,32.0745,68.04,87,58,3.22,broken clouds
551,Hanstholm,DK,57.1167,8.6167,61.63,81,0,24.29,clear sky
552,Manzhouli,CN,49.6,117.4333,71.85,62,97,5.03,overcast clouds
553,Iquitos,PE,-3.7481,-73.2472,89.64,58,20,4.61,few clouds
554,Rijssen,NL,52.308,6.5211,62.96,97,8,7.78,clear sky
555,Namibe,AO,-15.1961,12.1522,67.66,73,0,4.34,clear sky
556,Jiaojiang,CN,28.6803,121.4428,81.0,89,100,3.18,overcast clouds
557,Hovd,MN,48.0056,91.6419,69.93,39,100,9.33,overcast clouds
558,Miranda,CO,3.2499,-76.2281,80.73,83,41,1.16,scattered clouds
559,Maningrida,AU,-12.0667,134.2667,72.28,76,91,8.1,light rain
560,Mgachi,RU,51.05,142.2667,76.42,74,24,15.9,few clouds
561,Mesopotamia,IQ,33.0,44.0,93.11,13,0,10.6,clear sky
562,Chara,RU,56.9064,118.2631,68.43,55,0,0.98,clear sky
563,Fuxin,CN,42.0156,121.6589,75.51,88,96,6.53,overcast clouds
564,Debre Birhan,ET,9.6833,39.5333,52.63,88,100,4.68,light rain
565,Te Anau,NZ,-45.4167,167.7167,46.56,92,93,1.1,overcast clouds
566,Dibulla,CO,11.2725,-73.3091,80.35,86,100,4.23,overcast clouds
567,Balud,PH,10.1476,123.6953,78.76,78,98,6.62,overcast clouds
568,Russell,US,32.3502,-85.1999,90.55,59,1,6.91,clear sky
569,Komatipoort,ZA,-25.4332,31.9548,57.06,75,32,1.25,scattered clouds
570,Charters Towers,AU,-20.1,146.2667,67.17,33,32,10.2,scattered clouds
571,Yuli,NG,9.6989,10.2744,75.56,85,72,7.94,broken clouds
572,Nemuro,JP,43.3236,145.575,62.33,96,100,7.29,overcast clouds
573,Damaturu,NG,11.747,11.9608,80.82,69,100,8.77,overcast clouds
574,San Martin,AR,-33.081,-68.4681,59.54,28,0,25.55,clear sky
575,Springbok,ZA,-29.6643,17.8865,47.53,17,0,6.15,clear sky
576,Seabra,BR,-12.4186,-41.7703,65.93,51,42,2.91,scattered clouds
577,Coihaique,CL,-45.5752,-72.0662,39.81,75,75,5.75,broken clouds
578,Shelburne,CA,44.0787,-80.2041,71.76,52,100,5.14,overcast clouds
579,Beruwala,LK,6.4788,79.9828,79.12,87,79,11.27,broken clouds
580,Begunitsy,RU,59.5855,29.3176,75.49,90,19,3.51,few clouds
581,Hyeres,FR,43.1167,6.1167,70.48,81,0,3.44,clear sky
582,Tomohon,ID,1.3346,124.8392,63.54,91,100,1.43,light rain
583,Santa Cruz De La Palma,ES,28.6835,-17.7642,74.14,83,0,16.11,clear sky
584,Kemijarvi,FI,66.7131,27.4306,51.3,79,42,5.12,scattered clouds
585,Wilmington,US,34.2257,-77.9447,87.98,68,1,12.66,clear sky
586,Staryy Nadym,RU,65.6118,72.6842,49.77,81,99,10.07,overcast clouds
587,Barpeta,IN,26.3167,91.0,80.69,91,100,3.09,overcast clouds
588,Derzhavinsk,KZ,51.1,66.3167,64.56,48,67,3.69,broken clouds
589,Hofn,IS,64.2539,-15.2082,54.21,65,5,6.38,clear sky
590,Ruiru,KE,-1.1606,36.9567,62.67,75,67,2.89,broken clouds
591,Golyshmanovo,RU,56.3979,68.3728,51.21,91,7,3.02,clear sky
592,Sabha,LY,27.0377,14.4283,89.8,20,0,9.31,clear sky
593,Sioux Lookout,CA,50.1001,-91.917,86.38,37,75,4.61,smoke
594,Taitung,TW,22.7583,121.1444,79.07,78,40,2.3,scattered clouds
595,Armidale,AU,-30.5167,151.65,37.81,86,69,18.45,broken clouds
596,Gambo,CF,4.6482,22.2633,68.5,98,92,0.51,light rain
597,Corinto,GR,37.9407,22.9573,84.76,65,0,7.36,clear sky
598,Muriti,TZ,-1.9833,32.9167,73.63,63,49,6.08,scattered clouds
599,Horsham,GB,51.064,-0.3272,69.51,65,0,4.61,clear sky
600,Izumo,JP,35.3667,132.7667,80.55,69,75,11.5,broken clouds
601,Privas,FR,44.5833,4.5,68.56,80,9,7.16,clear sky
602,Ulundi,ZA,-28.3352,31.4162,47.26,88,0,3.6,clear sky
603,Kieta,PG,-6.2167,155.6333,84.58,72,100,7.07,overcast clouds
604,Cairo,EG,30.0626,31.2497,86.76,66,0,8.05,clear sky
605,Igrim,RU,63.1906,64.4162,50.97,70,86,4.38,overcast clouds
606,Pavlogradka,RU,54.2024,73.5592,54.57,94,98,7.16,overcast clouds
607,Bar-Le-Duc,FR,48.75,5.1667,63.3,92,66,6.35,broken clouds
608,El Fuerte,MX,26.4189,-108.6194,95.05,41,2,8.46,clear sky
609,Palestina,PS,31.9216,35.2033,73.94,49,0,4.68,clear sky
610,Siderno,IT,38.2779,16.302,78.4,78,0,11.16,clear sky
611,Oranjemund,NA,-28.55,16.4333,53.92,71,0,5.95,clear sky
612,Kholmogory,RU,64.2229,41.656,55.51,98,7,4.56,clear sky
613,Robertsport,LR,6.7533,-11.3686,77.63,86,100,8.66,moderate rain
614,Bunda,TZ,-2.05,33.8667,72.09,56,86,0.02,overcast clouds
615,Fernandina Beach,US,30.6697,-81.4626,90.19,76,1,8.01,clear sky
616,Denpasar,ID,-8.65,115.2167,78.46,89,20,8.05,few clouds
617,Huangmei,CN,30.1924,116.025,78.73,92,100,2.01,moderate rain
618,Astana,KZ,51.1801,71.446,55.35,76,0,2.24,clear sky
619,Mahon,ES,39.8885,4.2658,72.16,73,20,3.44,few clouds
620,Porto Novo,BJ,6.4965,2.6036,78.62,95,100,10.27,moderate rain
621,Kurchum,KZ,48.5722,83.6542,58.84,71,19,2.64,few clouds
622,Port Hardy,CA,50.6996,-127.4199,60.98,77,75,10.36,broken clouds
623,Gari,RU,59.4307,62.3497,56.34,61,60,3.44,broken clouds
624,Ratangarh,IN,28.0833,74.6,89.24,58,98,6.82,overcast clouds
625,Axim,GH,4.8699,-2.2405,76.42,88,97,12.46,light rain
626,Sinnamary,GF,5.3833,-52.95,78.57,80,54,5.91,broken clouds
627,Belozerskoye,RU,55.8214,65.5842,53.49,67,22,1.83,few clouds
628,Udachnyy,RU,66.4167,112.4,66.65,70,9,19.44,clear sky
629,Puerto Carreno,CO,6.189,-67.4859,78.12,83,82,6.96,broken clouds
630,Atambua,ID,-9.1061,124.8925,70.9,68,31,3.91,scattered clouds
631,Port Blair,IN,11.6667,92.75,80.62,83,100,9.66,overcast clouds
632,Del Rio,US,29.3627,-100.8968,98.42,40,1,14.97,clear sky
633,Iranshahr,IR,27.2025,60.6848,87.4,52,100,6.91,overcast clouds
634,Tigil,RU,57.8,158.6667,68.79,68,96,6.51,overcast clouds
635,Tambura,SS,5.6,27.4667,67.91,92,81,3.49,light rain
636,Cayenne,GF,4.9333,-52.3333,79.09,85,20,3.44,few clouds
637,Miyako,JP,39.6367,141.9525,80.15,75,26,3.56,scattered clouds
638,Fenoarivo Atsinanana,MG,-17.3667,49.4167,64.99,91,85,8.28,overcast clouds
639,Niquero,CU,20.0431,-77.5828,82.26,75,23,3.78,few clouds
640,Fatehpur,IN,25.9333,80.8,93.02,47,100,2.59,overcast clouds
641,Liku,ID,-0.7275,119.8922,73.11,89,100,6.73,overcast clouds
642,Vangaindrano,MG,-23.35,47.6,67.53,85,98,5.1,light rain
643,Kamina,CD,-8.7386,24.9906,60.82,47,16,4.23,few clouds
644,Bourg-En-Bresse,FR,46.1667,5.1667,64.29,95,64,7.83,broken clouds
645,Shahrud,IR,36.4182,54.9763,69.53,64,29,11.52,scattered clouds
646,Kutum,SD,14.2,24.6667,73.89,62,99,13.8,overcast clouds
647,Inirida,CO,3.8653,-67.9239,71.44,99,100,1.39,overcast clouds
648,Roald,NO,62.5833,6.1333,64.11,77,75,24.16,broken clouds
649,Vero Beach,US,27.6386,-80.3973,87.06,71,40,12.66,scattered clouds
650,Cerrito,CO,6.8432,-72.694,60.19,90,82,7.23,light rain
651,Nampula,MZ,-15.1165,39.2666,62.55,88,40,13.8,scattered clouds
652,Arys,KZ,42.4252,68.795,66.42,58,88,3.91,overcast clouds
653,Havre-Saint-Pierre,CA,50.2334,-63.5986,61.16,94,90,6.91,overcast clouds
654,Bayji,IQ,34.9311,43.487,94.62,17,1,10.58,clear sky
655,Mormugao,IN,15.4,73.8,79.21,84,99,12.5,light rain
656,Roquetas De Mar,ES,36.7642,-2.6148,77.61,71,0,3.42,clear sky
657,Sivaki,RU,52.6333,126.75,68.41,59,14,12.21,few clouds
658,Kalmunai,LK,7.4167,81.8167,80.53,80,99,5.21,overcast clouds
659,Port Lincoln,AU,-34.7333,135.8667,51.13,64,92,21.36,overcast clouds
660,Sergeyevka,KZ,53.88,67.4158,55.22,95,59,5.77,broken clouds
661,Kuala Terengganu,MY,5.3302,103.1408,78.75,94,20,3.44,few clouds
662,Vrangel,RU,42.7297,133.0839,73.08,88,4,4.61,clear sky
663,Kilindoni,TZ,-7.9139,39.6668,77.04,74,6,21.83,light rain
664,Kontagora,NG,10.3999,5.4695,73.56,92,98,9.19,overcast clouds
665,Raga,SS,8.4596,25.678,70.14,89,58,5.03,light rain
666,Krapivinskiy,RU,54.9992,86.8133,55.04,97,56,5.01,light rain
667,Posse,BR,-14.0931,-46.3694,71.58,34,0,4.0,clear sky
668,Huanren,CN,41.2647,125.3667,76.48,85,78,1.3,broken clouds
669,Vao,NC,-22.6667,167.4833,73.51,90,24,14.58,few clouds
670,Dunedin,NZ,-45.8742,170.5036,48.79,91,58,2.51,broken clouds
671,Bosaso,SO,11.2842,49.1816,91.62,38,100,17.38,overcast clouds
672,Mongo,TD,12.1844,18.693,81.82,67,92,2.95,overcast clouds
673,Labuan,MY,5.2767,115.2417,77.36,88,20,0.0,few clouds
674,Faya,SA,18.3851,42.4509,71.71,33,100,8.59,overcast clouds
675,Iturama,BR,-19.7281,-50.1956,75.07,31,24,6.58,few clouds
676,Sobolevo,RU,54.4299,31.8996,68.34,86,1,3.76,light rain
677,Kampong Cham,KH,11.9934,105.4635,75.63,89,88,0.11,overcast clouds
678,Moranbah,AU,-22.0016,148.0466,64.02,29,25,8.93,scattered clouds
679,Aketi,CD,2.7388,23.7833,72.19,96,100,2.35,overcast clouds
680,Bayir,TR,37.2687,28.2167,68.52,39,0,1.66,clear sky
681,Benguela,AO,-12.5763,13.4055,68.58,89,38,3.42,scattered clouds
682,Tessalit,ML,20.1986,1.0114,94.78,11,2,7.05,clear sky
683,Zasheyek,RU,67.4066,32.5499,51.69,79,42,3.02,scattered clouds
684,Baglung,NP,28.2719,83.5898,71.02,98,100,0.81,moderate rain
